{
  "model": "MLP (Multi-Layer Perceptron)",
  "task": "Fault Detection (Binary)",
  "system": "IEEE 5-Bus",
  "samples": 1056,
  "features": [
    "Va",
    "Vb",
    "Vc",
    "phi_Va",
    "phi_Vb",
    "phi_Vc",
    "Ia",
    "Ib",
    "Ic",
    "phi_Ia",
    "phi_Ib",
    "phi_Ic"
  ],
  "hyperparameters": {
    "hidden_layer_sizes": [
      100,
      50
    ],
    "activation": "relu",
    "alpha": 0.01,
    "learning_rate": "constant",
    "solver": "adam",
    "max_iter": 1000,
    "early_stopping": true,
    "validation_fraction": 0.1,
    "n_iter_no_change": 20
  },
  "architecture": {
    "input_neurons": 12,
    "hidden_layers": [
      100,
      50
    ],
    "output_neurons": 2,
    "total_hidden_neurons": 150,
    "n_hidden_layers": 2
  },
  "training_info": {
    "iterations": 23,
    "final_loss": 0.011920579567253972,
    "best_loss": null,
    "converged": true
  },
  "optimal_threshold": 0.5,
  "scaling": {
    "method": "StandardScaler",
    "fitted_on": "training_set_only",
    "parameters": {
      "mean": {
        "Va": 127.01694431279623,
        "Vb": 127.01689810426542,
        "Vc": 127.0169063981043,
        "phi_Va": -5.649419431279621e-11,
        "phi_Vb": -98.81516587678253,
        "phi_Vc": 98.81516587677197,
        "Ia": 22.4827621007109,
        "Ib": 36.08862561966825,
        "Ic": 35.037633202606635,
        "phi_Ia": 26.227064248815164,
        "phi_Ib": -80.53148317535546,
        "phi_Ic": 98.43577890995262
      },
      "scale": {
        "Va": 0.0002584649852555694,
        "Vb": 0.00035311237491320095,
        "Vc": 0.0003365658922194365,
        "phi_Va": 2.6042226045099206e-11,
        "phi_Vb": 45.75350148302561,
        "phi_Vc": 45.75350148304835,
        "Ia": 44.54323725576826,
        "Ib": 57.119528282588504,
        "Ic": 55.526142610225136,
        "phi_Ia": 41.778688029197674,
        "phi_Ib": 71.18897518345999,
        "phi_Ic": 85.12777748115825
      }
    }
  },
  "ahp_config": {
    "weights": {
      "Recall": 0.6483,
      "Specificity": 0.122,
      "ROC_AUC": 0.2297
    },
    "CR": 0.0032,
    "pairwise_matrix": {
      "Recall_vs_Specificity": 5,
      "Recall_vs_ROC_AUC": 3,
      "ROC_AUC_vs_Specificity": 2
    }
  },
  "test_set_results": {
    "default_threshold": {
      "threshold": 0.5,
      "recall": 1.0,
      "specificity": 1.0,
      "roc_auc": 1.0,
      "precision": 1.0,
      "accuracy": 1.0,
      "ahp_score": 1.0,
      "confusion_matrix": {
        "TN": 19,
        "FP": 0,
        "FN": 0,
        "TP": 193
      }
    },
    "optimized_threshold": {
      "threshold": 0.5,
      "recall": 1.0,
      "specificity": 1.0,
      "roc_auc": 1.0,
      "precision": 1.0,
      "accuracy": 1.0,
      "ahp_score": 1.0,
      "confusion_matrix": {
        "TN": 19,
        "FP": 0,
        "FN": 0,
        "TP": 193
      }
    }
  },
  "cv_results": {
    "n_folds": 5,
    "default_threshold": {
      "recall": {
        "mean": 1.0,
        "std": 0.0
      },
      "specificity": {
        "mean": 1.0,
        "std": 0.0
      },
      "roc_auc": {
        "mean": 1.0,
        "std": 0.0
      },
      "ahp_score": {
        "mean": 1.0,
        "std": 0.0
      },
      "total_FN": 0,
      "total_FP": 0
    },
    "optimized_threshold": {
      "recall": {
        "mean": 1.0,
        "std": 0.0
      },
      "specificity": {
        "mean": 1.0,
        "std": 0.0
      },
      "roc_auc": {
        "mean": 1.0,
        "std": 0.0
      },
      "ahp_score": {
        "mean": 1.0,
        "std": 0.0
      },
      "total_FN": 0,
      "total_FP": 0
    }
  },
  "feature_importance": {
    "method": "Permutation Importance",
    "scoring_metric": "recall",
    "n_repeats": 30,
    "ranking": [
      {
        "Feature": "phi_Ia",
        "Importance": 0.009671848013816946,
        "Std": 0.006517430833890567,
        "Importance_Normalized": 0.1879194630872482
      },
      {
        "Feature": "Ib",
        "Importance": 0.009153713298791052,
        "Std": 0.004163029634954745,
        "Importance_Normalized": 0.17785234899328872
      },
      {
        "Feature": "Ic",
        "Importance": 0.00846286701208984,
        "Std": 0.004119813624136996,
        "Importance_Normalized": 0.1644295302013424
      },
      {
        "Feature": "phi_Vc",
        "Importance": 0.008117443868739227,
        "Std": 0.006646591158857984,
        "Importance_Normalized": 0.1577181208053691
      },
      {
        "Feature": "phi_Va",
        "Importance": 0.006390328151986199,
        "Std": 0.006084253870054767,
        "Importance_Normalized": 0.1241610738255033
      },
      {
        "Feature": "phi_Vb",
        "Importance": 0.0062176165803109,
        "Std": 0.005076662679343382,
        "Importance_Normalized": 0.1208053691275168
      },
      {
        "Feature": "phi_Ib",
        "Importance": 0.0034542314335060573,
        "Std": 0.004087101749982478,
        "Importance_Normalized": 0.0671140939597316
      },
      {
        "Feature": "Va",
        "Importance": 0.0,
        "Std": 0.0,
        "Importance_Normalized": 0.0
      },
      {
        "Feature": "Vc",
        "Importance": 0.0,
        "Std": 0.0,
        "Importance_Normalized": 0.0
      },
      {
        "Feature": "Vb",
        "Importance": 0.0,
        "Std": 0.0,
        "Importance_Normalized": 0.0
      },
      {
        "Feature": "Ia",
        "Importance": 0.0,
        "Std": 0.0,
        "Importance_Normalized": 0.0
      },
      {
        "Feature": "phi_Ic",
        "Importance": 0.0,
        "Std": 0.0,
        "Importance_Normalized": 0.0
      }
    ],
    "voltage_magnitude_contribution": 0.0,
    "voltage_angle_contribution": 0.40268456375838924,
    "current_magnitude_contribution": 0.34228187919463116,
    "current_angle_contribution": 0.2550335570469798
  }
}