{
  "model_id": "XGB",
  "val": {
    "weighted_recall": 0.982582,
    "per_class_recall": {
      "L A": 0.984496,
      "L B": 0.976744,
      "L C": 0.993827,
      "LL AB": 1.0,
      "LL BC": 1.0,
      "LL CA": 1.0,
      "LLG AB": 0.916667,
      "LLG BC": 0.984375,
      "LLG CA": 0.928571,
      "LLL ABC": 0.959184
    },
    "confusion_matrix": [
      [
        127,
        0,
        0,
        0,
        0,
        0,
        0,
        0,
        1,
        1
      ],
      [
        1,
        126,
        0,
        0,
        0,
        0,
        1,
        1,
        0,
        0
      ],
      [
        0,
        0,
        161,
        0,
        0,
        0,
        0,
        0,
        1,
        0
      ],
      [
        0,
        0,
        0,
        97,
        0,
        0,
        0,
        0,
        0,
        0
      ],
      [
        0,
        0,
        0,
        0,
        129,
        0,
        0,
        0,
        0,
        0
      ],
      [
        0,
        0,
        0,
        0,
        0,
        113,
        0,
        0,
        0,
        0
      ],
      [
        1,
        2,
        0,
        0,
        0,
        0,
        44,
        0,
        0,
        1
      ],
      [
        0,
        0,
        1,
        0,
        0,
        0,
        0,
        63,
        0,
        0
      ],
      [
        3,
        0,
        1,
        0,
        0,
        0,
        0,
        0,
        52,
        0
      ],
      [
        0,
        1,
        0,
        0,
        0,
        0,
        1,
        0,
        0,
        47
      ]
    ],
    "classes": [
      "L A",
      "L B",
      "L C",
      "LL AB",
      "LL BC",
      "LL CA",
      "LLG AB",
      "LLG BC",
      "LLG CA",
      "LLL ABC"
    ]
  },
  "test": {
    "weighted_recall": 0.983607,
    "per_class_recall": {
      "L A": 0.992248,
      "L B": 0.984496,
      "L C": 0.993789,
      "LL AB": 0.989583,
      "LL BC": 0.984496,
      "LL CA": 1.0,
      "LLG AB": 0.979592,
      "LLG BC": 0.923077,
      "LLG CA": 0.982456,
      "LLL ABC": 0.958333
    },
    "confusion_matrix": [
      [
        128,
        0,
        0,
        0,
        0,
        0,
        0,
        0,
        1,
        0
      ],
      [
        0,
        127,
        1,
        0,
        0,
        0,
        0,
        1,
        0,
        0
      ],
      [
        0,
        0,
        160,
        0,
        0,
        0,
        0,
        0,
        1,
        0
      ],
      [
        0,
        0,
        0,
        95,
        0,
        0,
        1,
        0,
        0,
        0
      ],
      [
        0,
        0,
        0,
        0,
        127,
        0,
        0,
        2,
        0,
        0
      ],
      [
        0,
        0,
        0,
        0,
        0,
        113,
        0,
        0,
        0,
        0
      ],
      [
        1,
        0,
        0,
        0,
        0,
        0,
        48,
        0,
        0,
        0
      ],
      [
        0,
        2,
        3,
        0,
        0,
        0,
        0,
        60,
        0,
        0
      ],
      [
        1,
        0,
        0,
        0,
        0,
        0,
        0,
        0,
        56,
        0
      ],
      [
        1,
        0,
        0,
        0,
        0,
        0,
        0,
        1,
        0,
        46
      ]
    ],
    "classes": [
      "L A",
      "L B",
      "L C",
      "LL AB",
      "LL BC",
      "LL CA",
      "LLG AB",
      "LLG BC",
      "LLG CA",
      "LLL ABC"
    ]
  }
}