{
  "model_id": "RF",
  "val": {
    "weighted_recall": 0.980533,
    "per_class_recall": {
      "L A": 0.992248,
      "L B": 0.968992,
      "L C": 0.993827,
      "LL AB": 1.0,
      "LL BC": 1.0,
      "LL CA": 1.0,
      "LLG AB": 0.958333,
      "LLG BC": 0.9375,
      "LLG CA": 0.928571,
      "LLL ABC": 0.938776
    },
    "confusion_matrix": [
      [
        128,
        0,
        0,
        0,
        0,
        0,
        0,
        0,
        1,
        0
      ],
      [
        1,
        125,
        0,
        0,
        0,
        0,
        2,
        1,
        0,
        0
      ],
      [
        0,
        0,
        161,
        0,
        0,
        0,
        0,
        0,
        1,
        0
      ],
      [
        0,
        0,
        0,
        97,
        0,
        0,
        0,
        0,
        0,
        0
      ],
      [
        0,
        0,
        0,
        0,
        129,
        0,
        0,
        0,
        0,
        0
      ],
      [
        0,
        0,
        0,
        0,
        0,
        113,
        0,
        0,
        0,
        0
      ],
      [
        0,
        2,
        0,
        0,
        0,
        0,
        46,
        0,
        0,
        0
      ],
      [
        0,
        1,
        2,
        0,
        0,
        0,
        0,
        60,
        0,
        1
      ],
      [
        4,
        0,
        0,
        0,
        0,
        0,
        0,
        0,
        52,
        0
      ],
      [
        0,
        0,
        0,
        0,
        0,
        0,
        3,
        0,
        0,
        46
      ]
    ],
    "classes": [
      "L A",
      "L B",
      "L C",
      "LL AB",
      "LL BC",
      "LL CA",
      "LLG AB",
      "LLG BC",
      "LLG CA",
      "LLL ABC"
    ]
  },
  "test": {
    "weighted_recall": 0.973361,
    "per_class_recall": {
      "L A": 0.96124,
      "L B": 0.984496,
      "L C": 0.993789,
      "LL AB": 0.989583,
      "LL BC": 1.0,
      "LL CA": 1.0,
      "LLG AB": 0.918367,
      "LLG BC": 0.907692,
      "LLG CA": 0.947368,
      "LLL ABC": 0.916667
    },
    "confusion_matrix": [
      [
        124,
        0,
        1,
        0,
        0,
        0,
        1,
        0,
        3,
        0
      ],
      [
        0,
        127,
        0,
        0,
        0,
        0,
        0,
        2,
        0,
        0
      ],
      [
        0,
        0,
        160,
        0,
        0,
        0,
        0,
        0,
        1,
        0
      ],
      [
        0,
        0,
        0,
        95,
        0,
        0,
        1,
        0,
        0,
        0
      ],
      [
        0,
        0,
        0,
        0,
        129,
        0,
        0,
        0,
        0,
        0
      ],
      [
        0,
        0,
        0,
        0,
        0,
        113,
        0,
        0,
        0,
        0
      ],
      [
        2,
        0,
        0,
        0,
        0,
        0,
        45,
        0,
        0,
        2
      ],
      [
        0,
        2,
        3,
        0,
        0,
        0,
        0,
        59,
        0,
        1
      ],
      [
        3,
        0,
        0,
        0,
        0,
        0,
        0,
        0,
        54,
        0
      ],
      [
        1,
        0,
        0,
        0,
        0,
        0,
        1,
        2,
        0,
        44
      ]
    ],
    "classes": [
      "L A",
      "L B",
      "L C",
      "LL AB",
      "LL BC",
      "LL CA",
      "LLG AB",
      "LLG BC",
      "LLG CA",
      "LLL ABC"
    ]
  }
}