{
  "model": "SVM (RBF Kernel)",
  "task": "Fault Detection (Binary)",
  "system": "IEEE 5-Bus",
  "samples": 1056,
  "features": [
    "Va",
    "Vb",
    "Vc",
    "phi_Va",
    "phi_Vb",
    "phi_Vc",
    "Ia",
    "Ib",
    "Ic",
    "phi_Ia",
    "phi_Ib",
    "phi_Ic"
  ],
  "hyperparameters": {
    "C": 0.1,
    "gamma": "scale"
  },
  "optimal_threshold": 0.5,
  "scaling": {
    "method": "StandardScaler",
    "fitted_on": "training_set_only",
    "parameters": {
      "mean": {
        "Va": 127.01694431279623,
        "Vb": 127.01689810426542,
        "Vc": 127.0169063981043,
        "phi_Va": -5.649419431279621e-11,
        "phi_Vb": -98.81516587678253,
        "phi_Vc": 98.81516587677197,
        "Ia": 22.4827621007109,
        "Ib": 36.08862561966825,
        "Ic": 35.037633202606635,
        "phi_Ia": 26.227064248815164,
        "phi_Ib": -80.53148317535546,
        "phi_Ic": 98.43577890995262
      },
      "scale": {
        "Va": 0.0002584649852555694,
        "Vb": 0.00035311237491320095,
        "Vc": 0.0003365658922194365,
        "phi_Va": 2.6042226045099206e-11,
        "phi_Vb": 45.75350148302561,
        "phi_Vc": 45.75350148304835,
        "Ia": 44.54323725576826,
        "Ib": 57.119528282588504,
        "Ic": 55.526142610225136,
        "phi_Ia": 41.778688029197674,
        "phi_Ib": 71.18897518345999,
        "phi_Ic": 85.12777748115825
      }
    }
  },
  "ahp_config": {
    "weights": {
      "Recall": 0.6483,
      "Specificity": 0.122,
      "ROC_AUC": 0.2297
    },
    "CR": 0.0032,
    "pairwise_matrix": {
      "Recall_vs_Specificity": 5,
      "Recall_vs_ROC_AUC": 3,
      "ROC_AUC_vs_Specificity": 2
    }
  },
  "test_set_results": {
    "default_threshold": {
      "threshold": 0.5,
      "recall": 1.0,
      "specificity": 0.0,
      "roc_auc": 0.5,
      "precision": 0.910377358490566,
      "accuracy": 0.910377358490566,
      "ahp_score": 0.76315,
      "confusion_matrix": {
        "TN": 0,
        "FP": 19,
        "FN": 0,
        "TP": 193
      }
    },
    "optimized_threshold": {
      "threshold": 0.5,
      "recall": 1.0,
      "specificity": 0.0,
      "roc_auc": 0.5,
      "precision": 0.910377358490566,
      "accuracy": 0.910377358490566,
      "ahp_score": 0.76315,
      "confusion_matrix": {
        "TN": 0,
        "FP": 19,
        "FN": 0,
        "TP": 193
      }
    }
  },
  "cv_results": {
    "n_folds": 5,
    "default_threshold": {
      "recall": {
        "mean": 1.0,
        "std": 0.0
      },
      "specificity": {
        "mean": 1.0,
        "std": 0.0
      },
      "roc_auc": {
        "mean": 1.0,
        "std": 0.0
      },
      "ahp_score": {
        "mean": 1.0,
        "std": 0.0
      },
      "total_FN": 0,
      "total_FP": 0
    },
    "optimized_threshold": {
      "recall": {
        "mean": 1.0,
        "std": 0.0
      },
      "specificity": {
        "mean": 1.0,
        "std": 0.0
      },
      "roc_auc": {
        "mean": 1.0,
        "std": 0.0
      },
      "ahp_score": {
        "mean": 1.0,
        "std": 0.0
      },
      "total_FN": 0,
      "total_FP": 0
    }
  },
  "feature_importance": {
    "method": "Permutation Importance",
    "scoring_metric": "recall",
    "n_repeats": 30,
    "ranking": [
      {
        "Feature": "phi_Ib",
        "Importance": 0.0006908462867012114,
        "Std": 0.0017613193483912962,
        "Importance_Normalized": 1.0
      },
      {
        "Feature": "Va",
        "Importance": 0.0,
        "Std": 0.0,
        "Importance_Normalized": 0.0
      },
      {
        "Feature": "Vc",
        "Importance": 0.0,
        "Std": 0.0,
        "Importance_Normalized": 0.0
      },
      {
        "Feature": "Vb",
        "Importance": 0.0,
        "Std": 0.0,
        "Importance_Normalized": 0.0
      },
      {
        "Feature": "phi_Va",
        "Importance": 0.0,
        "Std": 0.0,
        "Importance_Normalized": 0.0
      },
      {
        "Feature": "phi_Vb",
        "Importance": 0.0,
        "Std": 0.0,
        "Importance_Normalized": 0.0
      },
      {
        "Feature": "Ia",
        "Importance": 0.0,
        "Std": 0.0,
        "Importance_Normalized": 0.0
      },
      {
        "Feature": "phi_Vc",
        "Importance": 0.0,
        "Std": 0.0,
        "Importance_Normalized": 0.0
      },
      {
        "Feature": "Ib",
        "Importance": 0.0,
        "Std": 0.0,
        "Importance_Normalized": 0.0
      },
      {
        "Feature": "Ic",
        "Importance": 0.0,
        "Std": 0.0,
        "Importance_Normalized": 0.0
      },
      {
        "Feature": "phi_Ia",
        "Importance": 0.0,
        "Std": 0.0,
        "Importance_Normalized": 0.0
      },
      {
        "Feature": "phi_Ic",
        "Importance": 0.0,
        "Std": 0.0,
        "Importance_Normalized": 0.0
      }
    ],
    "voltage_magnitude_contribution": 0.0,
    "voltage_angle_contribution": 0.0,
    "current_magnitude_contribution": 0.0,
    "current_angle_contribution": 1.0
  }
}